[
  {
    "id":1,
    "countries":"India",
    "Lactose_intolerance_percent":50,
    "Production":123400000,
    "Consumption":80.4,
    "Total_Milk_Consumption": 98160000,
    "Buffalo":38300000,
    "Camel":0,
    "Cow":44900000,
    "Goat":31700000,
    "Sheep":0
  },
  {
    "id":2,
    "countries":"United States of America",
    "Lactose_intolerance_percent":36,
    "Production":89015235,
    "Consumption":256.8,
    "Total_Milk_Consumption": 80859000,
    "Buffalo":0,
    "Camel":0,
    "Cow":1815000,
    "Goat":0,
    "Sheep":0
  },
  {
    "id":3,
    "countries":"China",
    "Lactose_intolerance_percent":92,
    "Production":41802711,
    "Consumption":31.5,
    "Total_Milk_Consumption": 44112000,
    "Buffalo":5500000,
    "Camel":64100,
    "Cow":12297297,
    "Goat":1527873,
    "Sheep":43700000
  },
  {
    "id":4,
    "countries":"Pakistan",
    "Lactose_intolerance_percent":60,
    "Production":36656000,
    "Consumption":178.6,
    "Total_Milk_Consumption": 31464000,
    "Buffalo":11864000,
    "Camel":0,
    "Cow":10493000,
    "Goat":5400000,
    "Sheep":720000
  },
  {
    "id":5,
    "countries":"Brazil",
    "Lactose_intolerance_percent":85,
    "Production":32245524,
    "Consumption":150.8,
    "Total_Milk_Consumption": 29693000,
    "Buffalo":0,
    "Camel":0,
    "Cow":23229193,
    "Goat":4977000,
    "Sheep":0
  },
  {
    "id":6,
    "countries":"Russia",
    "Lactose_intolerance_percent":13,
    "Production":31639542,
    "Consumption":173.9,
    "Total_Milk_Consumption": 24950000,
    "Buffalo":0,
    "Camel":140,
    "Cow":8136896,
    "Goat":81760,
    "Sheep":20820
  },
  {
    "id":7,
    "countries":"Germany",
    "Lactose_intolerance_percent":15,
    "Production":30336360,
    "Consumption":255.4,
    "Total_Milk_Consumption": 21171000,
    "Buffalo":0,
    "Camel":0,
    "Cow":4190103,
    "Goat":12000,
    "Sheep":0
  },
  {
    "id":8,
    "countries":"France",
    "Lactose_intolerance_percent":20,
    "Production":25289897,
    "Consumption":250,
    "Total_Milk_Consumption": 15896000,
    "Buffalo":0,
    "Camel":0,
    "Cow":3664153,
    "Goat":944210,
    "Sheep":1297651
  },
  {
    "id":9,
    "countries":"Turkey",
    "Lactose_intolerance_percent":71,
    "Production":15056210,
    "Consumption":165.8,
    "Total_Milk_Consumption": 12115000,
    "Buffalo":40218,
    "Camel":0,
    "Cow":4761142,
    "Goat":3033111,
    "Sheep":11561144
  },
  {
    "id":10,
    "countries":"United Kingdom",
    "Lactose_intolerance_percent":16,
    "Production":13849000,
    "Consumption":241,
    "Total_Milk_Consumption": 15101000,
    "Buffalo":0,
    "Camel":0,
    "Cow":1815000,
    "Goat":0,
    "Sheep":0
  },
  {
    "id":11,
    "countries":"Poland",
    "Lactose_intolerance_percent":37,
    "Production":12434067,
    "Consumption":197.9,
    "Total_Milk_Consumption": 7560000,
    "Buffalo":0,
    "Camel":0,
    "Cow":2473165,
    "Goat":94000,
    "Sheep":13000
  },
  {
    "id":12,
    "countries":"Argentina",
    "Lactose_intolerance_percent":60,
    "Production":11206000,
    "Consumption":193.8,
    "Total_Milk_Consumption": 7895000,
    "Buffalo":0,
    "Camel":0,
    "Cow":2150000,
    "Goat":0,
    "Sheep":0
  },
  {
    "id":13,
    "countries":"Mexico",
    "Lactose_intolerance_percent":66,
    "Production":10886000,
    "Consumption":111.2,
    "Total_Milk_Consumption": 13272000,
    "Buffalo":0,
    "Camel":0,
    "Cow":2382443,
    "Goat":890000,
    "Sheep":0
  },
  {
    "id":14,
    "countries":"Australia",
    "Lactose_intolerance_percent":5,
    "Production":9101000,
    "Consumption":229.9,
    "Total_Milk_Consumption": 5228000,
    "Buffalo":0,
    "Camel":0,
    "Cow":1588735,
    "Goat":0,
    "Sheep":0
  },
  {
    "id":15,
    "countries":"Canada",
    "Lactose_intolerance_percent":20,
    "Production":8400000,
    "Consumption":218.4,
    "Total_Milk_Consumption": 7532000,
    "Buffalo":0,
    "Camel":0,
    "Cow":965600,
    "Goat":0,
    "Sheep":0
  },
  {
    "id":16,
    "countries":"Spain",
    "Lactose_intolerance_percent":24,
    "Production":7508600,
    "Consumption":179.8,
    "Total_Milk_Consumption": 8365000,
    "Buffalo":0,
    "Camel":0,
    "Cow":797900,
    "Goat":1260000,
    "Sheep":2800000
  },
  {
    "id":17,
    "countries":"Sudan",
    "Lactose_intolerance_percent":60,
    "Production":7494000,
    "Consumption":170.4,
    "Total_Milk_Consumption": 7422000,
    "Buffalo":0,
    "Camel":240000,
    "Cow":14706000,
    "Goat":23785000,
    "Sheep":28650000
  },
  {
    "id":18,
    "countries":"Japan",
    "Lactose_intolerance_percent":98,
    "Production":7474309,
    "Consumption":71.3,
    "Total_Milk_Consumption": 9071000,
    "Buffalo":0,
    "Camel":0,
    "Cow":999600,
    "Goat":0,
    "Sheep":0
  },
  {
    "id":19,
    "countries":"Iran",
    "Lactose_intolerance_percent":60,
    "Production":7229893,
    "Consumption":59.5,
    "Total_Milk_Consumption": 9071000,
    "Buffalo":150000,
    "Camel":0,
    "Cow":2899000,
    "Goat":5500000,
    "Sheep":12000000
  },
  {
    "id":20,
    "countries":"Uzbekistan",
    "Lactose_intolerance_percent":70,
    "Production":6766200,
    "Consumption":133.9,
    "Total_Milk_Consumption": 3770000,
    "Buffalo":0,
    "Camel":5300,
    "Cow":3763600,
    "Goat":1086000,
    "Sheep":0
  }
]
